Eylul,9213735543109,9213735543109_1,RAFTA
Eylul,9213735543109,9213735543109_2,RAFTA
Eylul,9213735543109,9213735543109_3,RAFTA
Eylul,9213735543109,9213735543109_4,RAFTA
Manga Guide To Microprocessors,9213735543105,9213735543105_1,RAFTA
Manga Guide To Microprocessors,9213735543105,9213735543105_2,RAFTA
Manga Guide To Microprocessors,9213735543105,9213735543105_3,RAFTA
Manga Guide To Microprocessors,9213735543105,9213735543105_4,25011025
Percy Jackson 1: Simsek Hirsizi,9213735543101,9213735543101_1,RAFTA
Percy Jackson 1: Simsek Hirsizi,9213735543101,9213735543101_2,RAFTA
Percy Jackson 2: Canavarlar Denizi,9213735543102,9213735543102_1,RAFTA
Percy Jackson 2: Canavarlar Denizi,9213735543102,9213735543102_2,RAFTA
Percy Jackson 2: Canavarlar Denizi,9213735543102,9213735543102_3,RAFTA
Percy Jackson 2: Canavarlar Denizi,9213735543102,9213735543102_4,RAFTA
Percy Jackson 2: Canavarlar Denizi,9213735543102,9213735543102_5,RAFTA
Percy Jackson 2: Canavarlar Denizi,9213735543102,9213735543102_6,RAFTA
Percy Jackson 3: Titan'in Laneti,9213735543103,9213735543103_1,RAFTA
Percy Jackson 3: Titan'in Laneti,9213735543103,9213735543103_2,RAFTA
Percy Jackson 4: Labirent Savasi,9213735543104,9213735543104_1,RAFTA
Percy Jackson 4: Labirent Savasi,9213735543104,9213735543104_2,RAFTA
Percy Jackson 4: Labirent Savasi,9213735543104,9213735543104_3,RAFTA
Percy Jackson 4: Labirent Savasi,9213735543104,9213735543104_4,RAFTA
Percy Jackson 4: Labirent Savasi,9213735543104,9213735543104_5,RAFTA
Percy Jackson 4: Labirent Savasi,9213735543104,9213735543104_6,RAFTA
Percy Jackson 4: Labirent Savasi,9213735543104,9213735543104_7,RAFTA
Percy Jackson 4: Labirent Savasi,9213735543104,9213735543104_8,RAFTA
Savas Sanati,9213735543108,9213735543108_1,RAFTA
Savas Sanati,9213735543108,9213735543108_2,RAFTA
Savas Sanati,9213735543108,9213735543108_3,RAFTA
Savas Sanati,9213735543108,9213735543108_4,RAFTA
Savas Sanati,9213735543108,9213735543108_5,RAFTA
Savas Sanati,9213735543108,9213735543108_6,RAFTA
The Manga Guide To Cryptography,9213735543107,9213735543107_1,RAFTA
The Manga Guide To Cryptography,9213735543107,9213735543107_2,RAFTA
The Manga Guide To Cryptography,9213735543107,9213735543107_3,RAFTA
The Manga Guide To Cryptography,9213735543107,9213735543107_4,RAFTA
The Manga Guide To Cryptography,9213735543107,9213735543107_5,RAFTA
The Manga Guide To Regression Analysis,9213735543106,9213735543106_1,25011027
